sample_id,task,memory_variant,transition,prediction_changed,reference_correct,candidate_correct,reference_prediction,candidate_prediction,answer,question,reference_frames,candidate_frames
action_sequence_0000,action_sequence,pca_r256_s4,stable_wrong,0,0,0,Put down the cup/glass/bottle.,Put down the cup/glass/bottle.,Ate the medicine.,What happened after the person took the food?,"[249, 261, 273, 285, 322, 358, 370, 382]","[249, 261, 273, 285, 322, 358, 370, 382]"
action_sequence_0010,action_sequence,pca_r256_s4,stable_correct,0,1,1,Put down the laptop.,Put down the laptop.,Put down the laptop.,What happened before the person sat on the sofa/couch?,"[298, 326, 339, 381, 395, 409, 423, 437]","[298, 326, 339, 381, 395, 409, 423, 437]"
action_sequence_0016,action_sequence,pca_r256_s4,stable_correct,0,1,1,Tidied up the table.,Tidied up the table.,Tidied up the table.,What happened after the person took the dish?,"[70, 74, 79, 83, 87, 126, 130, 134]","[70, 74, 79, 83, 87, 126, 130, 134]"
action_sequence_0021,action_sequence,pca_r256_s4,stable_wrong,0,0,0,Put down the phone/camera.,Put down the phone/camera.,Threw the clothes.,What happened before the person took the towel?,"[185, 192, 208, 216, 224, 232, 240, 248]","[185, 192, 208, 216, 224, 232, 240, 248]"
action_sequence_0023,action_sequence,pca_r256_s4,stable_wrong,0,0,0,Tidied up the closet/cabinet.,Tidied up the closet/cabinet.,Tidied up the blanket.,What happened before the person put down the clothes?,"[274, 302, 316, 358, 400, 414, 428, 442]","[274, 302, 316, 358, 400, 414, 428, 442]"
action_sequence_0024,action_sequence,pca_r256_s4,stable_correct,0,1,1,Opened the book.,Opened the book.,Opened the book.,What happened after the person drank from the cup/glass/bottle?,"[212, 231, 250, 259, 268, 278, 287, 297]","[212, 231, 250, 259, 268, 278, 287, 297]"
action_sequence_0027,action_sequence,pca_r256_s4,stable_correct,0,1,1,Put down the dish.,Put down the dish.,Put down the dish.,What happened before the person opened the closet/cabinet?,"[232, 274, 288, 344, 386, 414, 428, 442]","[232, 274, 288, 344, 386, 414, 428, 442]"
action_sequence_0030,action_sequence,pca_r256_s4,stable_correct,0,1,1,Sat on the sofa/couch.,Sat on the sofa/couch.,Sat on the sofa/couch.,What happened before the person took the blanket?,"[293, 327, 344, 394, 444, 495, 511, 528]","[293, 327, 344, 394, 444, 495, 511, 528]"
action_sequence_0036,action_sequence,pca_r256_s4,stable_correct,0,1,1,Washed the clothes.,Washed the clothes.,Washed the clothes.,What happened after the person held the sandwich?,"[173, 183, 193, 203, 252, 292, 302, 312]","[173, 183, 193, 203, 252, 292, 302, 312]"
action_sequence_0041,action_sequence,pca_r256_s4,stable_correct,0,1,1,Took the paper/notebook.,Took the paper/notebook.,Took the paper/notebook.,What happened after the person opened the refrigerator?,"[452, 470, 489, 507, 526, 544, 563, 581]","[452, 470, 489, 507, 526, 544, 563, 581]"
action_sequence_0048,action_sequence,pca_r256_s4,stable_wrong,0,0,0,Tidied up the closet/cabinet.,Tidied up the closet/cabinet.,Tidied up the blanket.,What happened after the person put down the clothes?,"[239, 253, 280, 362, 376, 403, 417, 431]","[239, 253, 280, 362, 376, 403, 417, 431]"
action_sequence_0051,action_sequence,pca_r256_s4,stable_wrong,0,0,0,Put down the phone/camera.,Put down the phone/camera.,Took the book.,What happened after the person closed the door?,"[253, 278, 327, 340, 352, 365, 377, 389]","[253, 278, 327, 340, 352, 365, 377, 389]"
action_sequence_0056,action_sequence,pca_r256_s4,stable_correct,0,1,1,Took the paper/notebook.,Took the paper/notebook.,Took the paper/notebook.,What happened after the person opened the book?,"[34, 35, 37, 41, 44, 51, 53, 55]","[34, 35, 37, 41, 44, 51, 53, 55]"
action_sequence_0062,action_sequence,pca_r256_s4,stable_correct,0,1,1,Put down the box.,Put down the box.,Put down the box.,What happened after the person sat at the table?,"[182, 191, 201, 221, 231, 290, 300, 310]","[182, 191, 201, 221, 231, 290, 300, 310]"
action_sequence_0063,action_sequence,pca_r256_s4,stable_wrong,0,0,0,Took the towel.,Took the towel.,Took the paper/notebook.,What happened after the person held the dish?,"[94, 134, 140, 157, 162, 168, 174, 180]","[94, 134, 140, 157, 162, 168, 174, 180]"
action_sequence_0067,action_sequence,pca_r256_s4,stable_correct,0,1,1,Sat at the table.,Sat at the table.,Sat at the table.,What happened before the person held the sandwich?,"[303, 318, 392, 407, 422, 436, 451, 466]","[303, 318, 392, 407, 422, 436, 451, 466]"
action_sequence_0068,action_sequence,pca_r256_s4,stable_wrong,0,0,0,Put down the broom.,Put down the broom.,Threw the pillow.,What happened before the person held the phone/camera?,"[295, 313, 331, 349, 403, 529, 547, 565]","[295, 313, 331, 349, 403, 529, 547, 565]"
action_sequence_0079,action_sequence,pca_r256_s4,stable_correct,0,1,1,Lied on the floor.,Lied on the floor.,Lied on the floor.,What happened before the person watched at the picture?,"[131, 168, 176, 183, 198, 221, 228, 236]","[131, 168, 176, 183, 198, 221, 228, 236]"
action_sequence_0090,action_sequence,pca_r256_s4,stable_wrong,0,0,0,Opened the closet/cabinet.,Opened the closet/cabinet.,Opened the box.,What happened after the person threw the clothes?,"[128, 143, 198, 213, 221, 229, 237, 245]","[128, 143, 198, 213, 221, 229, 237, 245]"
action_sequence_0098,action_sequence,pca_r256_s4,stable_wrong,0,0,0,Sat on the sofa/couch.,Sat on the sofa/couch.,Put down the shoe.,What happened after the person opened the box?,"[43, 57, 59, 61, 64, 66, 68, 70]","[43, 57, 59, 61, 64, 66, 68, 70]"
action_sequence_0103,action_sequence,pca_r256_s4,stable_wrong,0,0,0,Put down the towel.,Put down the towel.,Sat on the floor.,What happened after the person washed the clothes?,"[261, 286, 337, 350, 363, 376, 388, 401]","[261, 286, 337, 350, 363, 376, 388, 401]"
action_sequence_0106,action_sequence,pca_r256_s4,stable_correct,0,1,1,Put down the book.,Put down the book.,Put down the book.,What happened after the person sat at the table?,"[262, 288, 301, 313, 365, 377, 390, 403]","[262, 288, 301, 313, 365, 377, 390, 403]"
action_sequence_0113,action_sequence,pca_r256_s4,stable_wrong,0,0,0,Opened the bag.,Opened the bag.,Took the clothes.,What happened before the person opened the refrigerator?,"[239, 251, 276, 288, 300, 362, 374, 386]","[239, 251, 276, 288, 300, 362, 374, 386]"
action_sequence_0125,action_sequence,pca_r256_s4,stable_wrong,0,0,0,Took the picture.,Took the picture.,Opened the book.,What happened after the person sat at the table?,"[297, 310, 322, 335, 348, 373, 386, 398]","[297, 310, 322, 335, 348, 373, 386, 398]"
action_sequence_0126,action_sequence,pca_r256_s4,stable_correct,0,1,1,Took the broom.,Took the broom.,Took the broom.,What happened after the person sat on the floor?,"[188, 196, 203, 211, 219, 226, 234, 242]","[188, 196, 203, 211, 219, 226, 234, 242]"
action_sequence_0137,action_sequence,pca_r256_s4,stable_wrong,0,0,0,Put down the cup/glass/bottle.,Put down the cup/glass/bottle.,Closed the laptop.,What happened before the person opened the closet/cabinet?,"[290, 303, 317, 330, 344, 398, 411, 425]","[290, 303, 317, 330, 344, 398, 411, 425]"
action_sequence_0147,action_sequence,pca_r256_s4,stable_correct,0,1,1,Took the paper/notebook.,Took the paper/notebook.,Took the paper/notebook.,What happened before the person held the book?,"[201, 213, 249, 274, 286, 359, 371, 383]","[201, 213, 249, 274, 286, 359, 371, 383]"
action_sequence_0151,action_sequence,pca_r256_s4,stable_wrong,0,0,0,Sat on the sofa/couch.,Sat on the sofa/couch.,Closed the laptop.,What happened before the person took the food?,"[170, 180, 190, 242, 293, 304, 314, 324]","[170, 180, 190, 242, 293, 304, 314, 324]"
action_sequence_0154,action_sequence,pca_r256_s4,stable_wrong,0,0,0,Closed the refrigerator.,Closed the refrigerator.,Took the towel.,What happened after the person closed the door?,"[169, 179, 243, 252, 261, 271, 280, 289]","[169, 179, 243, 252, 261, 271, 280, 289]"
action_sequence_0155,action_sequence,pca_r256_s4,stable_wrong,0,0,0,Opened the bag.,Opened the bag.,Took the towel.,What happened before the person held the clothes?,"[154, 179, 187, 221, 229, 246, 254, 262]","[154, 179, 187, 221, 229, 246, 254, 262]"
action_sequence_0156,action_sequence,pca_r256_s4,stable_wrong,0,0,0,Took the picture.,Took the picture.,Put down the dish.,What happened before the person took the phone/camera?,"[228, 239, 250, 305, 317, 328, 339, 350]","[228, 239, 250, 305, 317, 328, 339, 350]"
action_sequence_0158,action_sequence,pca_r256_s4,stable_wrong,0,0,0,Opened the bag.,Opened the bag.,Closed the box.,What happened after the person put down the towel?,"[190, 212, 222, 288, 299, 320, 331, 342]","[190, 212, 222, 288, 299, 320, 331, 342]"
action_sequence_0161,action_sequence,pca_r256_s4,stable_correct,0,1,1,Took the book.,Took the book.,Took the book.,What happened after the person put down the laptop?,"[86, 113, 117, 122, 126, 130, 135, 139]","[86, 113, 117, 122, 126, 130, 135, 139]"
action_sequence_0163,action_sequence,pca_r256_s4,stable_correct,0,1,1,Closed the refrigerator.,Closed the refrigerator.,Closed the refrigerator.,What happened after the person put down the food?,"[130, 138, 145, 153, 197, 220, 227, 235]","[130, 138, 145, 153, 197, 220, 227, 235]"
action_sequence_0168,action_sequence,pca_r256_s4,stable_wrong,0,0,0,Opened the door.,Opened the door.,Put down the sandwich.,What happened after the person took the cup/glass/bottle?,"[85, 90, 100, 110, 130, 144, 149, 154]","[85, 90, 100, 110, 130, 144, 149, 154]"
action_sequence_0173,action_sequence,pca_r256_s4,stable_correct,0,1,1,Closed the refrigerator.,Closed the refrigerator.,Closed the refrigerator.,What happened before the person held the sandwich?,"[259, 270, 280, 291, 301, 312, 323, 333]","[259, 270, 280, 291, 301, 312, 323, 333]"
action_sequence_0177,action_sequence,pca_r256_s4,stable_correct,0,1,1,Opened the closet/cabinet.,Opened the closet/cabinet.,Opened the closet/cabinet.,What happened after the person put down the clothes?,"[95, 114, 123, 128, 132, 137, 142, 146]","[95, 114, 123, 128, 132, 137, 142, 146]"
action_sequence_0183,action_sequence,pca_r256_s4,stable_wrong,0,0,0,Opened the bag.,Opened the bag.,Put down the paper/notebook.,What happened after the person held the laptop?,"[339, 376, 413, 450, 523, 542, 560, 578]","[339, 376, 413, 450, 523, 542, 560, 578]"
action_sequence_0187,action_sequence,pca_r256_s4,stable_correct,0,1,1,Took the dish.,Took the dish.,Took the dish.,What happened after the person opened the bag?,"[106, 112, 118, 130, 136, 178, 184, 190]","[106, 112, 118, 130, 136, 178, 184, 190]"
action_sequence_0190,action_sequence,pca_r256_s4,stable_wrong,0,0,0,Put down the phone/camera.,Put down the phone/camera.,Took the sandwich.,What happened before the person closed the closet/cabinet?,"[163, 169, 176, 183, 189, 196, 203, 209]","[163, 169, 176, 183, 189, 196, 203, 209]"
moving_direction_0003,moving_direction,pca_r256_s4,stable_wrong,0,0,0,Up and to the right.,Up and to the right.,Down and to the left.,In which direction does the blue cube move in the video?,"[66, 70, 74, 78, 90, 118, 122, 126]","[66, 70, 74, 78, 90, 118, 122, 126]"
moving_direction_0005,moving_direction,pca_r256_s4,stable_correct,0,1,1,The object is stationary.,The object is stationary.,The object is stationary.,Can you identify the direction of the gray sphere's movement in the video?,"[86, 94, 106, 110, 114, 118, 122, 126]","[86, 94, 106, 110, 114, 118, 122, 126]"
moving_direction_0007,moving_direction,pca_r256_s4,stable_wrong,0,0,0,The object is stationary.,The object is stationary.,Up and to the left.,Can you identify the direction of the brown sphere's movement in the video?,"[66, 82, 86, 110, 114, 118, 122, 126]","[66, 82, 86, 110, 114, 118, 122, 126]"
moving_direction_0020,moving_direction,pca_r256_s4,stable_wrong,0,0,0,The object is stationary.,The object is stationary.,Up and to the right.,Can you identify the direction of the purple sphere's movement in the video?,"[66, 70, 106, 110, 114, 118, 122, 126]","[66, 70, 106, 110, 114, 118, 122, 126]"
moving_direction_0026,moving_direction,pca_r256_s4,stable_wrong,0,0,0,The object is stationary.,The object is stationary.,Up and to the right.,What direction is the green sphere moving in within the video?,"[94, 98, 102, 106, 110, 118, 122, 126]","[94, 98, 102, 106, 110, 118, 122, 126]"
moving_direction_0044,moving_direction,pca_r256_s4,stable_correct,0,1,1,The object is stationary.,The object is stationary.,The object is stationary.,What direction is the red sphere moving in within the video?,"[90, 102, 106, 110, 114, 118, 122, 126]","[90, 102, 106, 110, 114, 118, 122, 126]"
moving_direction_0046,moving_direction,pca_r256_s4,stable_correct,0,1,1,The object is stationary.,The object is stationary.,The object is stationary.,In which direction does the gray sphere move in the video?,"[70, 74, 78, 82, 86, 118, 122, 126]","[70, 74, 78, 82, 86, 118, 122, 126]"
moving_direction_0047,moving_direction,pca_r256_s4,stable_wrong,0,0,0,The object is stationary.,The object is stationary.,Up and to the left.,What direction is the gray sphere moving in within the video?,"[82, 98, 106, 110, 114, 118, 122, 126]","[82, 98, 106, 110, 114, 118, 122, 126]"
moving_direction_0066,moving_direction,pca_r256_s4,stable_wrong,0,0,0,The object is stationary.,The object is stationary.,Down and to the left.,What direction is the red sphere moving in within the video?,"[66, 70, 74, 90, 114, 118, 122, 126]","[66, 70, 74, 90, 114, 118, 122, 126]"
moving_direction_0067,moving_direction,pca_r256_s4,stable_wrong,0,0,0,The object is stationary.,The object is stationary.,Up and to the right.,Can you identify the direction of the blue sphere's movement in the video?,"[86, 90, 98, 106, 114, 118, 122, 126]","[86, 90, 98, 106, 114, 118, 122, 126]"
moving_direction_0071,moving_direction,pca_r256_s4,stable_wrong,0,0,0,The object is stationary.,The object is stationary.,Down and to the left.,Can you identify the direction of the gray cube's movement in the video?,"[94, 98, 102, 106, 110, 118, 122, 126]","[94, 98, 102, 106, 110, 118, 122, 126]"
moving_direction_0075,moving_direction,pca_r256_s4,stable_wrong,0,0,0,The object is stationary.,The object is stationary.,Up and to the left.,What direction is the red sphere moving in within the video?,"[98, 102, 106, 110, 114, 118, 122, 126]","[98, 102, 106, 110, 114, 118, 122, 126]"
moving_direction_0081,moving_direction,pca_r256_s4,stable_wrong,0,0,0,Up and to the right.,Up and to the right.,Up and to the left.,Can you identify the direction of the red sphere's movement in the video?,"[98, 102, 106, 110, 114, 118, 122, 126]","[98, 102, 106, 110, 114, 118, 122, 126]"
moving_direction_0083,moving_direction,pca_r256_s4,stable_correct,0,1,1,The object is stationary.,The object is stationary.,The object is stationary.,In which direction does the green sphere move in the video?,"[90, 102, 106, 110, 114, 118, 122, 126]","[90, 102, 106, 110, 114, 118, 122, 126]"
moving_direction_0085,moving_direction,pca_r256_s4,stable_correct,0,1,1,The object is stationary.,The object is stationary.,The object is stationary.,What direction is the yellow sphere moving in within the video?,"[94, 98, 106, 110, 114, 118, 122, 126]","[94, 98, 106, 110, 114, 118, 122, 126]"
moving_direction_0088,moving_direction,pca_r256_s4,stable_wrong,0,0,0,Down and to the right.,Down and to the right.,Down and to the left.,What direction is the cyan cylinder moving in within the video?,"[98, 102, 106, 110, 114, 118, 122, 126]","[98, 102, 106, 110, 114, 118, 122, 126]"
moving_direction_0090,moving_direction,pca_r256_s4,stable_wrong,0,0,0,The object is stationary.,The object is stationary.,Up and to the right.,In which direction does the red sphere move in the video?,"[70, 98, 102, 110, 114, 118, 122, 126]","[70, 98, 102, 110, 114, 118, 122, 126]"
moving_direction_0092,moving_direction,pca_r256_s4,stable_wrong,0,0,0,Down and to the right.,Down and to the right.,Up and to the right.,Can you identify the direction of the red sphere's movement in the video?,"[90, 102, 106, 110, 114, 118, 122, 126]","[90, 102, 106, 110, 114, 118, 122, 126]"
moving_direction_0097,moving_direction,pca_r256_s4,stable_wrong,0,0,0,The object is stationary.,The object is stationary.,Down and to the left.,In which direction does the blue sphere move in the video?,"[82, 98, 102, 106, 110, 118, 122, 126]","[82, 98, 102, 106, 110, 118, 122, 126]"
moving_direction_0099,moving_direction,pca_r256_s4,stable_wrong,0,0,0,Up and to the right.,Up and to the right.,Down and to the right.,Can you identify the direction of the purple sphere's movement in the video?,"[94, 102, 106, 110, 114, 118, 122, 126]","[94, 102, 106, 110, 114, 118, 122, 126]"
moving_direction_0101,moving_direction,pca_r256_s4,stable_correct,0,1,1,The object is stationary.,The object is stationary.,The object is stationary.,What direction is the yellow sphere moving in within the video?,"[70, 74, 78, 82, 86, 118, 122, 126]","[70, 74, 78, 82, 86, 118, 122, 126]"
moving_direction_0104,moving_direction,pca_r256_s4,stable_correct,0,1,1,The object is stationary.,The object is stationary.,The object is stationary.,Can you identify the direction of the yellow sphere's movement in the video?,"[98, 102, 106, 110, 114, 118, 122, 126]","[98, 102, 106, 110, 114, 118, 122, 126]"
moving_direction_0110,moving_direction,pca_r256_s4,stable_wrong,0,0,0,The object is stationary.,The object is stationary.,Down and to the right.,What direction is the cyan cylinder moving in within the video?,"[98, 102, 106, 110, 114, 118, 122, 126]","[98, 102, 106, 110, 114, 118, 122, 126]"
moving_direction_0114,moving_direction,pca_r256_s4,stable_wrong,0,0,0,Up and to the left.,Up and to the left.,Down and to the left.,What direction is the blue cube moving in within the video?,"[94, 98, 106, 110, 114, 118, 122, 126]","[94, 98, 106, 110, 114, 118, 122, 126]"
moving_direction_0118,moving_direction,pca_r256_s4,stable_wrong,0,0,0,The object is stationary.,The object is stationary.,Up and to the right.,Can you identify the direction of the purple sphere's movement in the video?,"[90, 94, 98, 102, 106, 118, 122, 126]","[90, 94, 98, 102, 106, 118, 122, 126]"
moving_direction_0119,moving_direction,pca_r256_s4,stable_wrong,0,0,0,The object is stationary.,The object is stationary.,Down and to the left.,Can you identify the direction of the gray sphere's movement in the video?,"[70, 78, 98, 110, 114, 118, 122, 126]","[70, 78, 98, 110, 114, 118, 122, 126]"
moving_direction_0122,moving_direction,pca_r256_s4,stable_wrong,0,0,0,The object is stationary.,The object is stationary.,Down and to the left.,What direction is the cyan cube moving in within the video?,"[86, 90, 94, 98, 102, 118, 122, 126]","[86, 90, 94, 98, 102, 118, 122, 126]"
moving_direction_0123,moving_direction,pca_r256_s4,stable_correct,0,1,1,The object is stationary.,The object is stationary.,The object is stationary.,What direction is the cyan sphere moving in within the video?,"[78, 90, 94, 98, 114, 118, 122, 126]","[78, 90, 94, 98, 114, 118, 122, 126]"
moving_direction_0124,moving_direction,pca_r256_s4,stable_correct,0,1,1,The object is stationary.,The object is stationary.,The object is stationary.,What direction is the blue sphere moving in within the video?,"[98, 102, 106, 110, 114, 118, 122, 126]","[98, 102, 106, 110, 114, 118, 122, 126]"
moving_direction_0125,moving_direction,pca_r256_s4,stable_correct,0,1,1,The object is stationary.,The object is stationary.,The object is stationary.,What direction is the brown sphere moving in within the video?,"[90, 102, 106, 110, 114, 118, 122, 126]","[90, 102, 106, 110, 114, 118, 122, 126]"
moving_direction_0129,moving_direction,pca_r256_s4,stable_wrong,0,0,0,The object is stationary.,The object is stationary.,Down and to the left.,Can you identify the direction of the cyan cylinder's movement in the video?,"[86, 94, 98, 102, 106, 118, 122, 126]","[86, 94, 98, 102, 106, 118, 122, 126]"
moving_direction_0133,moving_direction,pca_r256_s4,stable_wrong,0,0,0,The object is stationary.,The object is stationary.,Down and to the left.,What direction is the cyan sphere moving in within the video?,"[90, 94, 98, 106, 110, 118, 122, 126]","[90, 94, 98, 106, 110, 118, 122, 126]"
moving_direction_0144,moving_direction,pca_r256_s4,stable_wrong,0,0,0,The object is stationary.,The object is stationary.,Up and to the left.,In which direction does the red sphere move in the video?,"[98, 102, 106, 110, 114, 118, 122, 126]","[98, 102, 106, 110, 114, 118, 122, 126]"
moving_direction_0154,moving_direction,pca_r256_s4,stable_correct,0,1,1,The object is stationary.,The object is stationary.,The object is stationary.,What direction is the green sphere moving in within the video?,"[98, 102, 106, 110, 114, 118, 122, 126]","[98, 102, 106, 110, 114, 118, 122, 126]"
moving_direction_0166,moving_direction,pca_r256_s4,stable_correct,0,1,1,Up and to the right.,Up and to the right.,Up and to the right.,In which direction does the brown sphere move in the video?,"[70, 74, 94, 110, 114, 118, 122, 126]","[70, 74, 94, 110, 114, 118, 122, 126]"
moving_direction_0168,moving_direction,pca_r256_s4,stable_wrong,0,0,0,The object is stationary.,The object is stationary.,Up and to the left.,In which direction does the gray sphere move in the video?,"[74, 82, 86, 102, 106, 118, 122, 126]","[74, 82, 86, 102, 106, 118, 122, 126]"
moving_direction_0169,moving_direction,pca_r256_s4,stable_correct,0,1,1,The object is stationary.,The object is stationary.,The object is stationary.,Can you identify the direction of the purple sphere's movement in the video?,"[78, 86, 90, 110, 114, 118, 122, 126]","[78, 86, 90, 110, 114, 118, 122, 126]"
moving_direction_0181,moving_direction,pca_r256_s4,stable_correct,0,1,1,The object is stationary.,The object is stationary.,The object is stationary.,What direction is the brown sphere moving in within the video?,"[82, 86, 106, 110, 114, 118, 122, 126]","[82, 86, 106, 110, 114, 118, 122, 126]"
moving_direction_0182,moving_direction,pca_r256_s4,stable_correct,0,1,1,The object is stationary.,The object is stationary.,The object is stationary.,Can you identify the direction of the yellow sphere's movement in the video?,"[90, 98, 106, 110, 114, 118, 122, 126]","[90, 98, 106, 110, 114, 118, 122, 126]"
moving_direction_0183,moving_direction,pca_r256_s4,stable_correct,0,1,1,The object is stationary.,The object is stationary.,The object is stationary.,In which direction does the red sphere move in the video?,"[98, 102, 106, 110, 114, 118, 122, 126]","[98, 102, 106, 110, 114, 118, 122, 126]"
object_existence_0003,object_existence,pca_r256_s4,stable_wrong,0,0,0,no,no,yes,Are there any stationary objects when the video ends?,"[98, 102, 106, 110, 114, 118, 122, 126]","[98, 102, 106, 110, 114, 118, 122, 126]"
object_existence_0010,object_existence,pca_r256_s4,stable_correct,0,1,1,yes,yes,yes,Are there any moving yellow objects when the video ends?,"[98, 102, 106, 110, 114, 118, 122, 126]","[98, 102, 106, 110, 114, 118, 122, 126]"
object_existence_0013,object_existence,pca_r256_s4,stable_wrong,0,0,0,no,no,yes,Are there any purple spheres that enter the scene?,"[78, 102, 106, 110, 114, 118, 122, 126]","[78, 102, 106, 110, 114, 118, 122, 126]"
object_existence_0018,object_existence,pca_r256_s4,stable_wrong,0,0,0,no,no,yes,Are there any rubber spheres that exit the scene?,"[98, 102, 106, 110, 114, 118, 122, 126]","[98, 102, 106, 110, 114, 118, 122, 126]"
object_existence_0019,object_existence,pca_r256_s4,stable_wrong,0,0,0,yes,yes,no,Are there any stationary green objects?,"[86, 98, 102, 110, 114, 118, 122, 126]","[86, 98, 102, 110, 114, 118, 122, 126]"
object_existence_0020,object_existence,pca_r256_s4,stable_correct,0,1,1,yes,yes,yes,Are there any stationary cyan objects when the video ends?,"[98, 102, 106, 110, 114, 118, 122, 126]","[98, 102, 106, 110, 114, 118, 122, 126]"
object_existence_0025,object_existence,pca_r256_s4,stable_wrong,0,0,0,no,no,yes,Are there any moving spheres?,"[94, 98, 102, 106, 114, 118, 122, 126]","[94, 98, 102, 106, 114, 118, 122, 126]"
object_existence_0026,object_existence,pca_r256_s4,stable_wrong,0,0,0,yes,yes,no,Are there any stationary spheres?,"[94, 98, 102, 110, 114, 118, 122, 126]","[94, 98, 102, 110, 114, 118, 122, 126]"
object_existence_0031,object_existence,pca_r256_s4,stable_wrong,0,0,0,yes,yes,no,Are there any objects that enter the scene?,"[98, 102, 106, 110, 114, 118, 122, 126]","[98, 102, 106, 110, 114, 118, 122, 126]"
object_existence_0032,object_existence,pca_r256_s4,stable_correct,0,1,1,no,no,no,Are there any moving spheres?,"[98, 102, 106, 110, 114, 118, 122, 126]","[98, 102, 106, 110, 114, 118, 122, 126]"
object_existence_0036,object_existence,pca_r256_s4,stable_correct,0,1,1,no,no,no,Are there any moving spheres when the video ends?,"[94, 102, 106, 110, 114, 118, 122, 126]","[94, 102, 106, 110, 114, 118, 122, 126]"
object_existence_0038,object_existence,pca_r256_s4,stable_wrong,0,0,0,yes,yes,no,Are there any objects that exit the scene?,"[98, 102, 106, 110, 114, 118, 122, 126]","[98, 102, 106, 110, 114, 118, 122, 126]"
object_existence_0040,object_existence,pca_r256_s4,stable_wrong,0,0,0,no,no,yes,Are there any moving cylinders when the video ends?,"[98, 102, 106, 110, 114, 118, 122, 126]","[98, 102, 106, 110, 114, 118, 122, 126]"
object_existence_0046,object_existence,pca_r256_s4,stable_correct,0,1,1,yes,yes,yes,Are there any blue objects that enter the scene?,"[98, 102, 106, 110, 114, 118, 122, 126]","[98, 102, 106, 110, 114, 118, 122, 126]"
object_existence_0061,object_existence,pca_r256_s4,stable_correct,0,1,1,yes,yes,yes,Are there any gray cubes that exit the scene?,"[90, 98, 102, 110, 114, 118, 122, 126]","[90, 98, 102, 110, 114, 118, 122, 126]"
object_existence_0064,object_existence,pca_r256_s4,stable_correct,0,1,1,no,no,no,Are there any stationary cylinders when the video begins?,"[98, 102, 106, 110, 114, 118, 122, 126]","[98, 102, 106, 110, 114, 118, 122, 126]"
object_existence_0066,object_existence,pca_r256_s4,stable_correct,0,1,1,no,no,no,Are there any stationary purple objects when the video begins?,"[98, 102, 106, 110, 114, 118, 122, 126]","[98, 102, 106, 110, 114, 118, 122, 126]"
object_existence_0068,object_existence,pca_r256_s4,stable_correct,0,1,1,no,no,no,Are there any stationary red objects when the video ends?,"[98, 102, 106, 110, 114, 118, 122, 126]","[98, 102, 106, 110, 114, 118, 122, 126]"
object_existence_0077,object_existence,pca_r256_s4,stable_wrong,0,0,0,yes,yes,no,Are there any stationary gray objects when the video ends?,"[90, 94, 98, 102, 110, 118, 122, 126]","[90, 94, 98, 102, 110, 118, 122, 126]"
object_existence_0082,object_existence,pca_r256_s4,stable_correct,0,1,1,yes,yes,yes,Are there any metal objects that enter the scene?,"[98, 102, 106, 110, 114, 118, 122, 126]","[98, 102, 106, 110, 114, 118, 122, 126]"
object_existence_0083,object_existence,pca_r256_s4,stable_correct,0,1,1,no,no,no,Are there any moving cubes?,"[94, 98, 106, 110, 114, 118, 122, 126]","[94, 98, 106, 110, 114, 118, 122, 126]"
object_existence_0085,object_existence,pca_r256_s4,stable_correct,0,1,1,no,no,no,Are there any stationary cylinders?,"[94, 102, 106, 110, 114, 118, 122, 126]","[94, 102, 106, 110, 114, 118, 122, 126]"
object_existence_0089,object_existence,pca_r256_s4,stable_correct,0,1,1,yes,yes,yes,Are there any gray objects that enter the scene?,"[94, 98, 102, 110, 114, 118, 122, 126]","[94, 98, 102, 110, 114, 118, 122, 126]"
object_existence_0093,object_existence,pca_r256_s4,stable_correct,0,1,1,yes,yes,yes,Are there any gray objects that enter the scene?,"[98, 102, 106, 110, 114, 118, 122, 126]","[98, 102, 106, 110, 114, 118, 122, 126]"
object_existence_0097,object_existence,pca_r256_s4,stable_wrong,0,0,0,no,no,yes,Are there any stationary cylinders?,"[98, 102, 106, 110, 114, 118, 122, 126]","[98, 102, 106, 110, 114, 118, 122, 126]"
object_existence_0102,object_existence,pca_r256_s4,stable_wrong,0,0,0,no,no,yes,Are there any moving yellow objects?,"[90, 98, 102, 110, 114, 118, 122, 126]","[90, 98, 102, 110, 114, 118, 122, 126]"
object_existence_0104,object_existence,pca_r256_s4,stable_correct,0,1,1,yes,yes,yes,Are there any rubber cylinders that enter the scene?,"[82, 86, 90, 94, 98, 118, 122, 126]","[82, 86, 90, 94, 98, 118, 122, 126]"
object_existence_0130,object_existence,pca_r256_s4,stable_wrong,0,0,0,yes,yes,no,Are there any brown cylinders that enter the scene?,"[86, 102, 106, 110, 114, 118, 122, 126]","[86, 102, 106, 110, 114, 118, 122, 126]"
object_existence_0135,object_existence,pca_r256_s4,stable_wrong,0,0,0,no,no,yes,Are there any moving rubber objects?,"[98, 102, 106, 110, 114, 118, 122, 126]","[98, 102, 106, 110, 114, 118, 122, 126]"
object_existence_0137,object_existence,pca_r256_s4,stable_correct,0,1,1,yes,yes,yes,Are there any cylinders that enter the scene?,"[94, 102, 106, 110, 114, 118, 122, 126]","[94, 102, 106, 110, 114, 118, 122, 126]"
object_existence_0141,object_existence,pca_r256_s4,stable_wrong,0,0,0,no,no,yes,Are there any stationary cubes when the video ends?,"[94, 102, 106, 110, 114, 118, 122, 126]","[94, 102, 106, 110, 114, 118, 122, 126]"
object_existence_0147,object_existence,pca_r256_s4,stable_correct,0,1,1,no,no,no,Are there any stationary yellow objects when the video ends?,"[94, 102, 106, 110, 114, 118, 122, 126]","[94, 102, 106, 110, 114, 118, 122, 126]"
object_existence_0152,object_existence,pca_r256_s4,stable_correct,0,1,1,no,no,no,Are there any metal cubes that enter the scene?,"[98, 102, 106, 110, 114, 118, 122, 126]","[98, 102, 106, 110, 114, 118, 122, 126]"
object_existence_0153,object_existence,pca_r256_s4,stable_correct,0,1,1,yes,yes,yes,Are there any stationary gray objects?,"[98, 102, 106, 110, 114, 118, 122, 126]","[98, 102, 106, 110, 114, 118, 122, 126]"
object_existence_0155,object_existence,pca_r256_s4,stable_correct,0,1,1,no,no,no,Are there any stationary gray objects when the video ends?,"[90, 102, 106, 110, 114, 118, 122, 126]","[90, 102, 106, 110, 114, 118, 122, 126]"
object_existence_0157,object_existence,pca_r256_s4,stable_correct,0,1,1,yes,yes,yes,Are there any yellow spheres that enter the scene?,"[94, 102, 106, 110, 114, 118, 122, 126]","[94, 102, 106, 110, 114, 118, 122, 126]"
object_existence_0159,object_existence,pca_r256_s4,stable_correct,0,1,1,no,no,no,Are there any cylinders that enter the scene?,"[98, 102, 106, 110, 114, 118, 122, 126]","[98, 102, 106, 110, 114, 118, 122, 126]"
object_existence_0177,object_existence,pca_r256_s4,stable_wrong,0,0,0,no,no,yes,Are there any moving blue objects when the video begins?,"[94, 102, 106, 110, 114, 118, 122, 126]","[94, 102, 106, 110, 114, 118, 122, 126]"
object_existence_0186,object_existence,pca_r256_s4,stable_correct,0,1,1,no,no,no,Are there any moving cyan objects?,"[98, 102, 106, 110, 114, 118, 122, 126]","[98, 102, 106, 110, 114, 118, 122, 126]"
object_existence_0198,object_existence,pca_r256_s4,stable_wrong,0,0,0,yes,yes,no,Are there any rubber cubes that enter the scene?,"[98, 102, 106, 110, 114, 118, 122, 126]","[98, 102, 106, 110, 114, 118, 122, 126]"
scene_transition_0001,scene_transition,pca_r256_s4,stable_correct,0,1,1,From the creek to the stairs.,From the creek to the stairs.,From the creek to the stairs.,What's the right option for how the scenes in the video change?,"[309, 328, 346, 365, 403, 553, 571, 590]","[309, 328, 346, 365, 403, 553, 571, 590]"
scene_transition_0011,scene_transition,pca_r256_s4,stable_wrong,0,0,0,From the kitchen to the backyard.,From the kitchen to the backyard.,From the front of the house to inside the living room.,"Based on the video, which choice shows the scene changes accurately?","[365, 384, 421, 459, 478, 553, 571, 590]","[365, 384, 421, 459, 478, 553, 571, 590]"
scene_transition_0024,scene_transition,pca_r256_s4,stable_correct,0,1,1,From room to spaceship.,From room to spaceship.,From room to spaceship.,Which choice tells us the correct order of scenes in the video?,"[403, 478, 496, 515, 534, 553, 571, 590]","[403, 478, 496, 515, 534, 553, 571, 590]"
scene_transition_0025,scene_transition,pca_r256_s4,stable_correct,0,1,1,From the car to the Nash's house.,From the car to the Nash's house.,From the car to the Nash's house.,"Based on the video, which choice shows the scene changes accurately?","[346, 365, 384, 421, 440, 553, 571, 590]","[346, 365, 384, 421, 440, 553, 571, 590]"
scene_transition_0038,scene_transition,pca_r256_s4,stable_correct,0,1,1,From home to outside.,From home to outside.,From home to outside.,"Based on the video, which choice shows the scene changes accurately?","[328, 365, 403, 440, 496, 553, 571, 590]","[328, 365, 403, 440, 496, 553, 571, 590]"
scene_transition_0042,scene_transition,pca_r256_s4,stable_correct,0,1,1,From the entrance to the elevator to the entrance of the park.,From the entrance to the elevator to the entrance of the park.,From the entrance to the elevator to the entrance of the park.,Which choice tells us the correct order of scenes in the video?,"[384, 478, 496, 515, 534, 553, 571, 590]","[384, 478, 496, 515, 534, 553, 571, 590]"
scene_transition_0047,scene_transition,pca_r256_s4,stable_wrong,0,0,0,From the office to the park.,From the office to the park.,From the street to the carriage.,Pick the choice that correctly describes how the scenes in the video change.,"[459, 478, 496, 515, 534, 553, 571, 590]","[459, 478, 496, 515, 534, 553, 571, 590]"
scene_transition_0048,scene_transition,pca_r256_s4,stable_correct,0,1,1,From the classroom to Evan's dorm room.,From the classroom to Evan's dorm room.,From the classroom to Evan's dorm room.,Which choice tells us the correct order of scenes in the video?,"[328, 365, 384, 440, 534, 553, 571, 590]","[328, 365, 384, 440, 534, 553, 571, 590]"
scene_transition_0055,scene_transition,pca_r256_s4,stable_correct,0,1,1,From a stone house to a cave.,From a stone house to a cave.,From a stone house to a cave.,What's the right option for how the scenes in the video change?,"[384, 403, 421, 440, 478, 553, 571, 590]","[384, 403, 421, 440, 478, 553, 571, 590]"
scene_transition_0065,scene_transition,pca_r256_s4,stable_correct,0,1,1,From room to ocean.,From room to ocean.,From room to ocean.,Can you choose the option that matches how the scenes change in the video?,"[309, 328, 346, 365, 384, 553, 571, 590]","[309, 328, 346, 365, 384, 553, 571, 590]"
scene_transition_0074,scene_transition,pca_r256_s4,stable_correct,0,1,1,From the pillow pile to the room.,From the pillow pile to the room.,From the pillow pile to the room.,What's the right option for how the scenes in the video change?,"[365, 421, 440, 459, 515, 553, 571, 590]","[365, 421, 440, 459, 515, 553, 571, 590]"
scene_transition_0079,scene_transition,pca_r256_s4,stable_correct,0,1,1,From the aisle to the ruins.,From the aisle to the ruins.,From the aisle to the ruins.,Which choice tells us the correct order of scenes in the video?,"[309, 328, 346, 365, 515, 553, 571, 590]","[309, 328, 346, 365, 515, 553, 571, 590]"
scene_transition_0084,scene_transition,pca_r256_s4,stable_wrong,0,0,0,From the library to the gym.,From the library to the gym.,From the beach to the restroom.,Can you choose the option that matches how the scenes change in the video?,"[309, 328, 346, 365, 440, 553, 571, 590]","[309, 328, 346, 365, 440, 553, 571, 590]"
scene_transition_0087,scene_transition,pca_r256_s4,stable_correct,0,1,1,From the window to the breakfast table in the morning.,From the window to the breakfast table in the morning.,From the window to the breakfast table in the morning.,"Based on the video, which choice shows the scene changes accurately?","[309, 346, 384, 421, 440, 553, 571, 590]","[309, 346, 384, 421, 440, 553, 571, 590]"
scene_transition_0096,scene_transition,pca_r256_s4,stable_wrong,0,0,0,From the park to the museum.,From the park to the museum.,From shoes to the building.1.,Pick the choice that correctly describes how the scenes in the video change.,"[309, 365, 384, 478, 496, 553, 571, 590]","[309, 365, 384, 478, 496, 553, 571, 590]"
scene_transition_0098,scene_transition,pca_r256_s4,stable_wrong,0,0,0,From Sarah's house to a library.,From Sarah's house to a library.,From Shawn's car to a classroom.,"Based on the video, which choice shows the scene changes accurately?","[309, 328, 346, 365, 496, 553, 571, 590]","[309, 328, 346, 365, 496, 553, 571, 590]"
scene_transition_0099,scene_transition,pca_r256_s4,stable_wrong,0,0,0,From the village to the bustling city.,From the village to the bustling city.,From a small boat to the royal harbor.,"Based on the video, which choice shows the scene changes accurately?","[328, 384, 421, 440, 534, 553, 571, 590]","[328, 384, 421, 440, 534, 553, 571, 590]"
scene_transition_0102,scene_transition,pca_r256_s4,stable_correct,0,1,1,From beauty to the hotel suite.,From beauty to the hotel suite.,From beauty to the hotel suite.,Which choice tells us the correct order of scenes in the video?,"[403, 440, 496, 515, 534, 553, 571, 590]","[403, 440, 496, 515, 534, 553, 571, 590]"
scene_transition_0106,scene_transition,pca_r256_s4,stable_correct,0,1,1,From Frodo's pocket to the study balcony.,From Frodo's pocket to the study balcony.,From Frodo's pocket to the study balcony.,Pick the choice that correctly describes how the scenes in the video change.,"[309, 328, 346, 365, 403, 553, 571, 590]","[309, 328, 346, 365, 403, 553, 571, 590]"
scene_transition_0107,scene_transition,pca_r256_s4,stable_correct,0,1,1,From the cabin to the boiler room.,From the cabin to the boiler room.,From the cabin to the boiler room.,Can you choose the option that matches how the scenes change in the video?,"[403, 459, 478, 496, 515, 553, 571, 590]","[403, 459, 478, 496, 515, 553, 571, 590]"
scene_transition_0109,scene_transition,pca_r256_s4,stable_correct,0,1,1,From Eve's room to the front of the amusement park.,From Eve's room to the front of the amusement park.,From Eve's room to the front of the amusement park.,"Based on the video, which choice shows the scene changes accurately?","[328, 346, 403, 440, 459, 553, 571, 590]","[328, 346, 403, 440, 459, 553, 571, 590]"
scene_transition_0111,scene_transition,pca_r256_s4,stable_correct,0,1,1,From dreams to the hotel lobby.1.,From dreams to the hotel lobby.1.,From dreams to the hotel lobby.1.,Which choice matches the scene changes in the video?,"[346, 365, 384, 403, 440, 553, 571, 590]","[346, 365, 384, 403, 440, 553, 571, 590]"
scene_transition_0115,scene_transition,pca_r256_s4,stable_correct,0,1,1,From a building to the interior of the building.,From a building to the interior of the building.,From a building to the interior of the building.,Which choice matches the scene changes in the video?,"[328, 403, 421, 496, 534, 553, 571, 590]","[328, 403, 421, 496, 534, 553, 571, 590]"
scene_transition_0117,scene_transition,pca_r256_s4,stable_correct,0,1,1,From Sengel to Rohan.,From Sengel to Rohan.,From Sengel to Rohan.,"Based on the video, which choice shows the scene changes accurately?","[328, 346, 365, 384, 459, 553, 571, 590]","[328, 346, 365, 384, 459, 553, 571, 590]"
scene_transition_0119,scene_transition,pca_r256_s4,stable_wrong,0,0,0,From the subway station to the bus stop.,From the subway station to the bus stop.,From the elevator to the robot channel.,What's the right option for how the scenes in the video change?,"[309, 403, 478, 496, 515, 553, 571, 590]","[309, 403, 478, 496, 515, 553, 571, 590]"
scene_transition_0124,scene_transition,pca_r256_s4,stable_correct,0,1,1,From the wall to the elevator.,From the wall to the elevator.,From the wall to the elevator.,Which choice tells us the correct order of scenes in the video?,"[346, 365, 403, 421, 478, 553, 571, 590]","[346, 365, 403, 421, 478, 553, 571, 590]"
scene_transition_0132,scene_transition,pca_r256_s4,stable_correct,0,1,1,From prison to the bus.,From prison to the bus.,From prison to the bus.,Can you choose the option that matches how the scenes change in the video?,"[384, 440, 459, 478, 496, 553, 571, 590]","[384, 440, 459, 478, 496, 553, 571, 590]"
scene_transition_0133,scene_transition,pca_r256_s4,stable_correct,0,1,1,From the road to the van.,From the road to the van.,From the road to the van.,Which choice tells us the correct order of scenes in the video?,"[403, 421, 478, 496, 515, 553, 571, 590]","[403, 421, 478, 496, 515, 553, 571, 590]"
scene_transition_0139,scene_transition,pca_r256_s4,stable_correct,0,1,1,From the room to the hospital corridor.,From the room to the hospital corridor.,From the room to the hospital corridor.,Pick the choice that correctly describes how the scenes in the video change.,"[346, 478, 496, 515, 534, 553, 571, 590]","[346, 478, 496, 515, 534, 553, 571, 590]"
scene_transition_0149,scene_transition,pca_r256_s4,stable_wrong,0,0,0,From the office to the park.,From the office to the park.,From the wall to the residential area.,Which choice matches the scene changes in the video?,"[309, 328, 346, 365, 421, 553, 571, 590]","[309, 328, 346, 365, 421, 553, 571, 590]"
scene_transition_0151,scene_transition,pca_r256_s4,stable_correct,0,1,1,From the stairs to the sunshine.,From the stairs to the sunshine.,From the stairs to the sunshine.,Which choice tells us the correct order of scenes in the video?,"[309, 328, 440, 478, 496, 553, 571, 590]","[309, 328, 440, 478, 496, 553, 571, 590]"
scene_transition_0157,scene_transition,pca_r256_s4,stable_correct,0,1,1,From the ward to the kitchen.,From the ward to the kitchen.,From the ward to the kitchen.,Can you choose the option that matches how the scenes change in the video?,"[309, 328, 346, 403, 421, 553, 571, 590]","[309, 328, 346, 403, 421, 553, 571, 590]"
scene_transition_0164,scene_transition,pca_r256_s4,stable_correct,0,1,1,From outside Liang's apartment to outside a taxi.,From outside Liang's apartment to outside a taxi.,From outside Liang's apartment to outside a taxi.,Which choice matches the scene changes in the video?,"[421, 440, 478, 496, 534, 553, 571, 590]","[421, 440, 478, 496, 534, 553, 571, 590]"
scene_transition_0166,scene_transition,pca_r256_s4,stable_correct,0,1,1,From ZuBao to NiuFu.,From ZuBao to NiuFu.,From ZuBao to NiuFu.,"Based on the video, which choice shows the scene changes accurately?","[346, 365, 421, 440, 515, 553, 571, 590]","[346, 365, 421, 440, 515, 553, 571, 590]"
scene_transition_0174,scene_transition,pca_r256_s4,stable_correct,0,1,1,From the decoration shop to the secretary's office.,From the decoration shop to the secretary's office.,From the decoration shop to the secretary's office.,Can you choose the option that matches how the scenes change in the video?,"[403, 421, 440, 459, 534, 553, 571, 590]","[403, 421, 440, 459, 534, 553, 571, 590]"
scene_transition_0176,scene_transition,pca_r256_s4,stable_wrong,0,0,0,From the train station to the hotel.,From the train station to the hotel.,From the elevator to my own yard.,Can you choose the option that matches how the scenes change in the video?,"[309, 384, 421, 440, 534, 553, 571, 590]","[309, 384, 421, 440, 534, 553, 571, 590]"
scene_transition_0178,scene_transition,pca_r256_s4,stable_wrong,0,0,0,From the city streets to the tranquil countryside.,From the city streets to the tranquil countryside.,From the TV screen to the beach pier.,Which choice matches the scene changes in the video?,"[421, 440, 478, 496, 515, 553, 571, 590]","[421, 440, 478, 496, 515, 553, 571, 590]"
scene_transition_0180,scene_transition,pca_r256_s4,stable_wrong,0,0,0,From the classroom to the university library.,From the classroom to the university library.,From the House room to the Security Department Building.,"Based on the video, which choice shows the scene changes accurately?","[384, 421, 459, 478, 496, 553, 571, 590]","[384, 421, 459, 478, 496, 553, 571, 590]"
scene_transition_0190,scene_transition,pca_r256_s4,stable_wrong,0,0,0,From the park to the subway station.,From the park to the subway station.,From the lawn to the bus platform.,Pick the choice that correctly describes how the scenes in the video change.,"[403, 421, 459, 515, 534, 553, 571, 590]","[403, 421, 459, 515, 534, 553, 571, 590]"
scene_transition_0198,scene_transition,pca_r256_s4,stable_wrong,0,0,0,From the living room to the kitchen.,From the living room to the kitchen.,From Molly's cabin to the mirror in front.,"Based on the video, which choice shows the scene changes accurately?","[365, 403, 421, 440, 459, 553, 571, 590]","[365, 403, 421, 440, 459, 553, 571, 590]"
state_change_0004,state_change,pca_r256_s4,stable_correct,0,1,1,The water seems hot.,The water seems hot.,The water seems hot.,What can you say about the temperature of the water being poured?,"[574, 607, 738, 771, 804, 968, 1001, 1034]","[574, 607, 738, 771, 804, 968, 1001, 1034]"
state_change_0009,state_change,pca_r256_s4,stable_wrong,0,0,0,The electric device did not work most likely because it was already unplugged at the beginning of the video.,The electric device did not work most likely because it was already unplugged at the beginning of the video.,The device worked when the person tried to turn it on.,"If the person tried to turn on the electric device and it was not working, what was the reason for that?","[526, 556, 676, 766, 796, 886, 916, 946]","[526, 556, 676, 766, 796, 886, 916, 946]"
state_change_0018,state_change,pca_r256_s4,stable_correct,0,1,1,The electric device did not work most likely because it was already unplugged at the beginning of the video.,The electric device did not work most likely because it was already unplugged at the beginning of the video.,The electric device did not work most likely because it was already unplugged at the beginning of the video.,"If the person tried to turn on the electric device and it was not working, what was the reason for that?","[207, 219, 230, 290, 313, 349, 361, 373]","[207, 219, 230, 290, 313, 349, 361, 373]"
state_change_0020,state_change,pca_r256_s4,stable_wrong,0,0,0,The electric device did not work most likely because it was already unplugged at the beginning of the video.,The electric device did not work most likely because it was already unplugged at the beginning of the video.,The device worked when the person tried to turn it on.,"If the person tried to turn on the electric device and it was not working, what was the reason for that?","[365, 386, 407, 512, 533, 616, 637, 658]","[365, 386, 407, 512, 533, 616, 637, 658]"
state_change_0022,state_change,pca_r256_s4,stable_wrong,0,0,0,The electric device did not work most likely because it was already unplugged at the beginning of the video.,The electric device did not work most likely because it was already unplugged at the beginning of the video.,The device worked when the person tried to turn it on.,"If the person tried to turn on the electric device and it was not working, what was the reason for that?","[213, 225, 237, 249, 262, 359, 371, 383]","[213, 225, 237, 249, 262, 359, 371, 383]"
state_change_0023,state_change,pca_r256_s4,stable_wrong,0,0,0,The electric device did not work most likely because it was already unplugged at the beginning of the video.,The electric device did not work most likely because it was already unplugged at the beginning of the video.,The electric device did not work because the person unplugged the device during the video.,"If the person tried to turn on the electric device and it was not working, what was the reason for that?","[610, 640, 699, 818, 848, 878, 908, 938]","[610, 640, 699, 818, 848, 878, 908, 938]"
state_change_0028,state_change,pca_r256_s4,stable_correct,0,1,1,yes,yes,yes,The person interacts with a lighting device among other objects. Is the lighting device on at any point?,"[599, 651, 676, 702, 727, 753, 778, 804]","[599, 651, 676, 702, 727, 753, 778, 804]"
state_change_0030,state_change,pca_r256_s4,stable_correct,0,1,1,yes,yes,yes,The person interacts with a lighting device among other objects. Is the lighting device on at any point?,"[384, 450, 538, 582, 626, 648, 670, 692]","[384, 450, 538, 582, 626, 648, 670, 692]"
state_change_0031,state_change,pca_r256_s4,stable_wrong,0,0,0,The electric device did not work most likely because it was already unplugged at the beginning of the video.,The electric device did not work most likely because it was already unplugged at the beginning of the video.,The device worked when the person tried to turn it on.,"If the person tried to turn on the electric device and it was not working, what was the reason for that?","[422, 443, 464, 484, 505, 608, 629, 649]","[422, 443, 464, 484, 505, 608, 629, 649]"
state_change_0034,state_change,pca_r256_s4,stable_wrong,0,0,0,The water seems hot.,The water seems hot.,The water seems cold.,What can you say about the temperature of the water being poured?,"[590, 711, 741, 802, 832, 893, 923, 953]","[590, 711, 741, 802, 832, 893, 923, 953]"
state_change_0035,state_change,pca_r256_s4,stable_wrong,0,0,0,The water seems hot.,The water seems hot.,The water seems cold.,What can you say about the temperature of the water being poured?,"[737, 770, 868, 901, 934, 967, 999, 1032]","[737, 770, 868, 901, 934, 967, 999, 1032]"
state_change_0044,state_change,pca_r256_s4,stable_correct,0,1,1,No,No,No,Is the bag empty at the end?,"[199, 219, 258, 268, 277, 287, 297, 307]","[199, 219, 258, 268, 277, 287, 297, 307]"
state_change_0047,state_change,pca_r256_s4,stable_wrong,0,0,0,No,No,Yes,Is the bag empty at the end?,"[412, 436, 460, 483, 672, 696, 719, 743]","[412, 436, 460, 483, 672, 696, 719, 743]"
state_change_0050,state_change,pca_r256_s4,stable_correct,0,1,1,no,no,no,The person interacts with a lighting device among other objects. Is the lighting device on at any point?,"[311, 342, 372, 418, 433, 448, 464, 479]","[311, 342, 372, 418, 433, 448, 464, 479]"
state_change_0055,state_change,pca_r256_s4,stable_wrong,0,0,0,No,No,Yes,Is the bag empty at the end?,"[456, 500, 522, 567, 634, 656, 678, 700]","[456, 500, 522, 567, 634, 656, 678, 700]"
state_change_0057,state_change,pca_r256_s4,stable_correct,0,1,1,yes,yes,yes,The person interacts with a lighting device among other objects. Is the lighting device on at any point?,"[537, 570, 668, 700, 896, 961, 994, 1026]","[537, 570, 668, 700, 896, 961, 994, 1026]"
state_change_0058,state_change,pca_r256_s4,stable_correct,0,1,1,The water seems hot.,The water seems hot.,The water seems hot.,What can you say about the temperature of the water being poured?,"[704, 737, 868, 901, 934, 967, 999, 1032]","[704, 737, 868, 901, 934, 967, 999, 1032]"
state_change_0061,state_change,pca_r256_s4,stable_wrong,0,0,0,no,no,yes,The person interacts with a lighting device among other objects. Is the lighting device on at any point?,"[737, 770, 803, 835, 868, 967, 999, 1032]","[737, 770, 803, 835, 868, 967, 999, 1032]"
state_change_0062,state_change,pca_r256_s4,stable_wrong,0,0,0,No,No,Yes,Is the bag empty at the end?,"[397, 445, 469, 542, 566, 710, 734, 758]","[397, 445, 469, 542, 566, 710, 734, 758]"
state_change_0076,state_change,pca_r256_s4,stable_wrong,0,0,0,yes,yes,no,The person interacts with a lighting device among other objects. Is the lighting device on at any point?,"[599, 660, 783, 844, 875, 906, 936, 967]","[599, 660, 783, 844, 875, 906, 936, 967]"
state_change_0077,state_change,pca_r256_s4,stable_wrong,0,0,0,The electric device did not work most likely because it was already unplugged at the beginning of the video.,The electric device did not work most likely because it was already unplugged at the beginning of the video.,The electric device did not work because the person unplugged the device during the video.,"If the person tried to turn on the electric device and it was not working, what was the reason for that?","[258, 268, 279, 289, 300, 310, 321, 331]","[258, 268, 279, 289, 300, 310, 321, 331]"
state_change_0085,state_change,pca_r256_s4,stable_correct,0,1,1,yes,yes,yes,The person interacts with a lighting device among other objects. Is the lighting device on at any point?,"[404, 428, 649, 673, 698, 722, 747, 771]","[404, 428, 649, 673, 698, 722, 747, 771]"
state_change_0093,state_change,pca_r256_s4,stable_correct,0,1,1,The water seems hot.,The water seems hot.,The water seems hot.,What can you say about the temperature of the water being poured?,"[704, 737, 803, 835, 934, 967, 999, 1032]","[704, 737, 803, 835, 934, 967, 999, 1032]"
state_change_0095,state_change,pca_r256_s4,stable_wrong,0,0,0,no,no,yes,The person interacts with a lighting device among other objects. Is the lighting device on at any point?,"[360, 379, 416, 434, 527, 545, 564, 582]","[360, 379, 416, 434, 527, 545, 564, 582]"
state_change_0110,state_change,pca_r256_s4,stable_correct,0,1,1,No,No,No,Is the bag empty at the end?,"[237, 298, 310, 335, 347, 359, 371, 383]","[237, 298, 310, 335, 347, 359, 371, 383]"
state_change_0115,state_change,pca_r256_s4,stable_correct,0,1,1,yes,yes,yes,The person interacts with a lighting device among other objects. Is the lighting device on at any point?,"[429, 559, 663, 715, 741, 767, 793, 819]","[429, 559, 663, 715, 741, 767, 793, 819]"
state_change_0133,state_change,pca_r256_s4,stable_wrong,0,0,0,no,no,yes,The person interacts with a lighting device among other objects. Is the lighting device on at any point?,"[151, 179, 234, 243, 261, 271, 280, 289]","[151, 179, 234, 243, 261, 271, 280, 289]"
state_change_0136,state_change,pca_r256_s4,stable_wrong,0,0,0,The electric device did not work most likely because it was already unplugged at the beginning of the video.,The electric device did not work most likely because it was already unplugged at the beginning of the video.,The device worked when the person tried to turn it on.,"If the person tried to turn on the electric device and it was not working, what was the reason for that?","[422, 446, 494, 566, 591, 711, 735, 759]","[422, 446, 494, 566, 591, 711, 735, 759]"
state_change_0143,state_change,pca_r256_s4,stable_wrong,0,0,0,no,no,yes,The person interacts with a lighting device among other objects. Is the lighting device on at any point?,"[675, 733, 761, 790, 819, 848, 876, 905]","[675, 733, 761, 790, 819, 848, 876, 905]"
state_change_0144,state_change,pca_r256_s4,stable_wrong,0,0,0,yes,yes,no,The person interacts with a lighting device among other objects. Is the lighting device on at any point?,"[535, 558, 580, 603, 649, 672, 694, 717]","[535, 558, 580, 603, 649, 672, 694, 717]"
state_change_0149,state_change,pca_r256_s4,stable_wrong,0,0,0,yes,yes,no,The person interacts with a lighting device among other objects. Is the lighting device on at any point?,"[235, 256, 277, 287, 298, 308, 319, 329]","[235, 256, 277, 287, 298, 308, 319, 329]"
state_change_0154,state_change,pca_r256_s4,stable_wrong,0,0,0,no,no,yes,The person interacts with a lighting device among other objects. Is the lighting device on at any point?,"[453, 475, 519, 542, 630, 652, 674, 696]","[453, 475, 519, 542, 630, 652, 674, 696]"
state_change_0157,state_change,pca_r256_s4,stable_wrong,0,0,0,no,no,yes,The person interacts with a lighting device among other objects. Is the lighting device on at any point?,"[463, 649, 675, 728, 755, 781, 808, 834]","[463, 649, 675, 728, 755, 781, 808, 834]"
state_change_0160,state_change,pca_r256_s4,stable_wrong,0,0,0,No water was poured.,No water was poured.,The water seems cold.,What can you say about the temperature of the water being poured?,"[639, 672, 737, 868, 901, 967, 999, 1032]","[639, 672, 737, 868, 901, 967, 999, 1032]"
state_change_0166,state_change,pca_r256_s4,stable_correct,0,1,1,yes,yes,yes,The person interacts with a lighting device among other objects. Is the lighting device on at any point?,"[335, 354, 373, 526, 545, 565, 584, 603]","[335, 354, 373, 526, 545, 565, 584, 603]"
state_change_0175,state_change,pca_r256_s4,stable_correct,0,1,1,No,No,No,Is the bag empty at the end?,"[464, 483, 502, 521, 540, 559, 578, 597]","[464, 483, 502, 521, 540, 559, 578, 597]"
state_change_0176,state_change,pca_r256_s4,stable_correct,0,1,1,The water seems hot.,The water seems hot.,The water seems hot.,What can you say about the temperature of the water being poured?,"[517, 800, 831, 862, 894, 925, 956, 988]","[517, 800, 831, 862, 894, 925, 956, 988]"
state_change_0188,state_change,pca_r256_s4,stable_wrong,0,0,0,The electric device did not work most likely because it was already unplugged at the beginning of the video.,The electric device did not work most likely because it was already unplugged at the beginning of the video.,The device worked when the person tried to turn it on.,"If the person tried to turn on the electric device and it was not working, what was the reason for that?","[280, 291, 303, 314, 325, 337, 348, 360]","[280, 291, 303, 314, 325, 337, 348, 360]"
state_change_0190,state_change,pca_r256_s4,stable_wrong,0,0,0,The electric device did not work most likely because it was already unplugged at the beginning of the video.,The electric device did not work most likely because it was already unplugged at the beginning of the video.,The device worked when the person tried to turn it on.,"If the person tried to turn on the electric device and it was not working, what was the reason for that?","[351, 500, 542, 585, 606, 627, 649, 670]","[351, 500, 542, 585, 606, 627, 649, 670]"
state_change_0196,state_change,pca_r256_s4,stable_correct,0,1,1,The electric device did not work most likely because it was already unplugged at the beginning of the video.,The electric device did not work most likely because it was already unplugged at the beginning of the video.,The electric device did not work most likely because it was already unplugged at the beginning of the video.,"If the person tried to turn on the electric device and it was not working, what was the reason for that?","[293, 328, 453, 488, 506, 524, 542, 560]","[293, 328, 453, 488, 506, 524, 542, 560]"
